,originalFileName,foundInList,recordedName,className
0,YKK227gPpRn4_30.000_40.000.wav,True,1619600168.4087973_1619600174.3850293.wav,alarm
1,Y-6p32k2WUCs_0.000_10.000.wav,True,1619600184.6286004_1619600190.5253522.wav,alarm
2,Y2xXpSgqrtDE_40.000_50.000.wav,True,1619600242.4236953_1619600248.749632.wav,alarm
3,Y2xo20i_OZrM_80.000_90.000.wav,True,1619600255.4286368_1619600261.404088.wav,alarm
4,Y3BcwNM72zcQ_10.000_20.000.wav,True,1619600268.2827723_1619600274.456016.wav,alarm
5,Y44U-fF5rsjM_0.000_10.000.wav,True,1619600280.4287176_1619600286.350957.wav,alarm
6,Y4oQdHNxBFFY_20.000_30.000.wav,True,1619600296.3867664_1619600302.3610961.wav,alarm
7,Y52Usv8FcO0w_30.000_40.000.wav,True,1619600308.935686_1619600314.9109397.wav,alarm
8,Y5pNzHcUedVo_10.000_20.000.wav,True,1619600325.1530447_1619600331.0768106.wav,alarm
9,Y6PrBwQNpLvo_10.000_20.000.wav,True,1619600337.8553648_1619600343.7820363.wav,alarm
10,Y7fGU8SFid9E_130.000_140.000.wav,True,1619600364.924102_1619600370.797511.wav,alarm
11,Y9QEM0ThcgD4_20.000_30.000.wav,True,1619600378.7323883_1619600384.7097611.wav,alarm
12,Y9zWmlaj56pM_60.000_70.000.wav,True,1619600391.4892402_1619600397.4724915.wav,alarm
13,YCvvvGRbF5mU_30.000_40.000.wav,True,1619600407.6636887_1619600413.5924037.wav,alarm
14,YE8Yi41OgpWo_0.000_10.000.wav,True,1619600420.122462_1619600426.3501.wav,alarm
15,YEenFsKjpsQc_200.000_210.000.wav,True,1619600445.283425_1619600451.3111289.wav,alarm
16,YEqCEkkd_c_I_0.000_10.000.wav,True,1619600461.7074516_1619600467.6047294.wav,alarm
17,YHoBWL3qAnGU_350.000_360.000.wav,True,1619600474.8651776_1619600480.8432028.wav,alarm
18,YI-uouJ_Zsv4_0.000_10.000.wav,True,1619600487.6214154_1619600493.5177603.wav,alarm
19,YI3kPmcHvMrg_30.000_40.000.wav,True,1619600501.5832577_1619600507.5066352.wav,alarm
20,YJ1EO9afbq4U_80.000_90.000.wav,True,1619600514.1850843_1619600520.1300516.wav,alarm
21,YJ1Qv0p8QsR8_150.000_160.000.wav,True,1619600527.2382894_1619600533.2121832.wav,alarm
22,YJQplKcC6Ejw_0.000_10.000.wav,True,1619600540.0903757_1619600545.9670587.wav,alarm
23,YL7bzKI26Pek_190.000_200.000.wav,True,1619600552.8461025_1619600558.7677336.wav,alarm
24,YL9_QOpRG8s8_0.000_10.000.wav,True,1619600568.5576904_1619600574.5332348.wav,alarm
25,YLgf99OrWOVM_420.000_430.000.wav,True,1619600584.5256412_1619600590.499954.wav,alarm
26,YMkF2nVQypFM_30.000_40.000.wav,True,1619600600.2875178_1619600606.1895225.wav,alarm
27,YMsy4mmS1DYc_110.000_120.000.wav,True,1619600613.3914745_1619600619.3322701.wav,alarm
28,YP900eyYudeg_30.000_40.000.wav,True,1619600638.702746_1619600644.827756.wav,alarm
29,YPpKpwTI1REQ_410.000_420.000.wav,True,1619600651.2534745_1619600657.428663.wav,alarm
30,YSgbfq9K3Lqs_30.000_40.000.wav,True,1619600663.904886_1619600669.8314211.wav,alarm
31,YTgp484iUwEg_190.000_200.000.wav,True,1619600696.24354_1619600702.1717327.wav,alarm
32,YU10g6Ou2A58_10.000_20.000.wav,True,1619600709.0008967_1619600714.9432514.wav,alarm
33,YVafgccb1ubk_320.000_330.000.wav,True,1619600773.4448817_1619600779.3286266.wav,alarm
34,YZFmyeuE40I8_500.000_510.000.wav,True,1619600836.1391654_1619600842.1140203.wav,alarm
35,Y_CZzm6jUxbo_30.000_40.000.wav,True,1619600852.3563535_1619600858.3315275.wav,alarm
36,Y_KNIJQJ-CHA_30.000_40.000.wav,True,1619600868.4246309_1619600874.653235.wav,alarm
37,Y_YoIeZgxdAI_0.000_10.000.wav,True,1619600880.931242_1619600886.8544488.wav,alarm
38,YaCVJyp88tpM_150.000_160.000.wav,True,1619600893.48349_1619600899.4092982.wav,alarm
39,YabTPRP0_F-A_180.000_190.000.wav,True,1619600906.0396984_1619600912.01507.wav,alarm
40,YaeEdZ2Pd7Mo_10.000_20.000.wav,True,1619600921.9079332_1619600927.8841088.wav,alarm
41,YbLe0AmKB8fY_560.000_570.000.wav,True,1619600947.7685335_1619600953.745007.wav,alarm
42,YbRUUPDD_nSQ_22.000_32.000.wav,True,1619600960.6238682_1619600966.552091.wav,alarm
43,Ybm0xs7iYwo4_60.000_70.000.wav,True,1619600970.2169218_1619600976.1963.wav,alarm
44,YfjcfhE22AVQ_540.000_550.000.wav,True,1619600999.0945978_1619601004.969039.wav,alarm
45,Yj2ZWCwZh9LQ_10.000_20.000.wav,True,1619601024.405144_1619601030.631053.wav,alarm
46,YkD_sM3ZF514_160.000_170.000.wav,True,1619601037.1079504_1619601043.386147.wav,alarm
47,YkIqf8gd4W8Q_590.000_600.000.wav,True,1619601049.8134031_1619601055.6868224.wav,alarm
48,Yl8ImMjuK29M_330.000_340.000.wav,True,1619601065.6812646_1619601071.608486.wav,alarm
49,YmOfTDGOGBpI_160.000_170.000.wav,True,1619601078.4882958_1619601084.457699.wav,alarm
50,YmpAYvNw6VEw_40.000_50.000.wav,True,1619601094.4514549_1619601100.378201.wav,alarm
51,Yn2u-4A9fY28_20.000_30.000.wav,True,1619601106.2523563_1619601112.1798496.wav,alarm
52,YoFcRyerYBfM_30.000_40.000.wav,True,1619601118.456646_1619601124.3365874.wav,alarm
53,YqDCK7vo_MCM_140.000_150.000.wav,True,1619601146.833531_1619601152.8095555.wav,alarm
54,Yr4auqsn1UuA_430.000_440.000.wav,True,1619601175.3549817_1619601181.2316158.wav,alarm
55,YrzAqETGwotg_20.000_30.000.wav,True,1619601187.8098583_1619601193.8367121.wav,alarm
56,YtLgYuO-w638_0.000_10.000.wav,True,1619601200.5175622_1619601206.4437258.wav,alarm
57,YtNr5TNpI_SY_30.000_40.000.wav,True,1619601213.0229516_1619601218.9490175.wav,alarm
58,YxnwwsEEJvdk_200.000_210.000.wav,True,1619601229.0409563_1619601234.8868682.wav,alarm
59,YyNNf4uTzPjQ_10.000_20.000.wav,True,1619601241.7473528_1619601247.695713.wav,alarm
60,YylADXwDnjwY_550.000_560.000.wav,True,1619601255.1054232_1619601261.0296304.wav,alarm
61,YzNvgZ5QPAFI_30.000_40.000.wav,True,1619601267.7536151_1619601273.6784656.wav,alarm
62,Y-kJT_nUHinA_50.000_60.000.wav,True,1619601296.1798306_1619601302.1547198.wav,alarm
63,Y0j1-0Y6lGck_120.000_130.000.wav,True,1619601311.9988544_1619601317.9245615.wav,alarm
64,Y2GQHZpe5yjA_50.000_60.000.wav,True,1619601324.3002527_1619601330.260583.wav,alarm
65,Y3jlZEJBFJWQ_220.000_230.000.wav,True,1619601349.5113387_1619601355.5360458.wav,alarm
66,Y54tr1EdazoQ_0.000_10.000.wav,True,1619601362.464666_1619601368.392103.wav,alarm
67,Y5CYK7AKivDo_180.000_190.000.wav,True,1619601375.0701265_1619601380.9453225.wav,alarm
68,Y61X1X_LmORw_90.000_100.000.wav,True,1619601387.571699_1619601393.5000622.wav,alarm
69,Y6Q2pEz4dH9o_190.000_200.000.wav,True,1619601403.6444287_1619601409.621182.wav,alarm
70,Y73BZrwK0WG4_10.000_20.000.wav,True,1619601428.9550123_1619601434.856289.wav,alarm
71,Y79rmTWPTE4k_20.000_30.000.wav,True,1619601443.3626862_1619601449.2867439.wav,alarm
72,Y84DPXuqLmPU_10.000_20.000.wav,True,1619601455.9621987_1619601461.940347.wav,alarm
73,Y8eEE_7vieA4_60.000_70.000.wav,True,1619601471.9851518_1619601477.9602635.wav,alarm
74,Y8qft_Gz8pbI_40.000_50.000.wav,True,1619601488.2537947_1619601494.128853.wav,alarm
75,Y9h5ROryAOB8_30.000_40.000.wav,True,1619601521.0029154_1619601526.9815438.wav,alarm
76,Y9it7TG54R7o_20.000_30.000.wav,True,1619601536.2264283_1619601542.507093.wav,alarm
77,YAdC7VM5iayo_30.000_40.000.wav,True,1619601548.8364706_1619601554.7678144.wav,alarm
78,YBbe0SLalfds_300.000_310.000.wav,True,1619601561.3957663_1619601567.2967496.wav,alarm
79,YBv7HaboieiI_30.000_40.000.wav,True,1619601575.9636812_1619601581.7619464.wav,alarm
80,YCYgCdPSDuLU_30.000_40.000.wav,True,1619601588.7738152_1619601594.7539098.wav,alarm
81,YDvo5gaHHMss_60.000_70.000.wav,True,1619601616.5036628_1619601622.4819326.wav,alarm
82,YDxl06F35zRU_190.000_200.000.wav,True,1619601632.8270512_1619601638.7750592.wav,alarm
83,YEzPcuNoSHMM_100.000_110.000.wav,True,1619601647.639752_1619601653.5154204.wav,alarm
84,YFuWDfaQjbvs_100.000_110.000.wav,True,1619601672.5514112_1619601678.527644.wav,alarm
85,YG9THIahRtIg_30.000_40.000.wav,True,1619601685.4538848_1619601691.2793193.wav,alarm
86,YIJCt1QRXB2c_10.000_20.000.wav,True,1619601697.806386_1619601703.7292993.wav,alarm
87,YINo6GZA4JmI_30.000_40.000.wav,True,1619601714.2256827_1619601720.202986.wav,alarm
88,YImI6wq8MZHI_30.000_40.000.wav,True,1619601730.244639_1619601736.1720617.wav,alarm
89,YJUfqY02LE8o_30.000_40.000.wav,True,1619601742.8503594_1619601748.7776036.wav,alarm
90,YK_nRJ9wSrJo_230.000_240.000.wav,True,1619601755.4057808_1619601761.332258.wav,alarm
91,YKlhaNw2GOdI_30.000_40.000.wav,True,1619601768.1627014_1619601774.590406.wav,alarm
92,YLUXsrbkMXAo_30.000_40.000.wav,True,1619601780.9181287_1619601786.9435582.wav,alarm
93,YMU-mjwNA8WA_10.000_20.000.wav,True,1619601812.750997_1619601818.778263.wav,alarm
94,YNc2S-9oUB8M_70.000_80.000.wav,True,1619601825.457046_1619601831.353539.wav,alarm
95,YNuua5ODd_fU_50.000_60.000.wav,True,1619601838.563209_1619601844.5395553.wav,alarm
96,YP91WX58Lmy0_30.000_40.000.wav,True,1619601863.266859_1619601869.494904.wav,alarm
97,YP_LNQaKzuik_20.000_30.000.wav,True,1619601875.822864_1619601881.7494564.wav,alarm
98,YPti94mTT8SY_30.000_40.000.wav,True,1619601900.3774009_1619601906.351221.wav,alarm
99,YQSgqjJ2iglM_30.000_40.000.wav,True,1619601916.4445546_1619601922.3229816.wav,alarm
100,YTZmFozrJ7BE_20.000_30.000.wav,True,1619601941.8601744_1619601947.7874959.wav,alarm
101,YTx8HKkQEPrc_10.000_20.000.wav,True,1619601966.7187657_1619601972.897183.wav,alarm
102,YU4nhmciONvk_20.000_30.000.wav,True,1619601979.2239676_1619601985.1494396.wav,alarm
103,YUtFWit1DrMk_0.000_10.000.wav,True,1619601991.7278774_1619601997.6035113.wav,alarm
104,YVbPjWw7pRzo_230.000_240.000.wav,True,1619602004.4813313_1619602010.3578372.wav,alarm
105,YWQsD5BeHcVM_80.000_90.000.wav,True,1619602017.0871072_1619602023.013931.wav,alarm
106,YWpaOXMCen7s_0.000_10.000.wav,True,1619602033.107711_1619602039.0470388.wav,alarm
107,YWvGEDbhCAps_0.000_10.000.wav,True,1619602045.6589882_1619602051.6384785.wav,alarm
108,YX6U476H2pWw_20.000_30.000.wav,True,1619602070.9691358_1619602076.9939868.wav,alarm
109,YXOxXhQAmuYM_110.000_120.000.wav,True,1619602086.7352638_1619602092.6592228.wav,alarm
110,Y-ZgUXgJn4U0_0.000_10.000.wav,True,1619602126.6105368_1619602132.834867.wav,alarm
111,Y-pP61DogSPY_30.000_40.000.wav,True,1619602138.6013665_1619602144.5222437.wav,alarm
112,Y0F1zmrJb1tI_30.000_40.000.wav,True,1619602151.450196_1619602157.4260638.wav,alarm
113,Y0FS8b5CAMp8_150.000_160.000.wav,True,1619602164.153353_1619602170.026681.wav,alarm
114,Y0IkRggWmlfo_0.000_10.000.wav,True,1619602180.2202315_1619602186.346321.wav,alarm
115,Y17cA4Gv1BZY_220.000_230.000.wav,True,1619602192.6729546_1619602198.6465235.wav,alarm
116,Y1bmyWAIQ8kU_60.000_70.000.wav,True,1619602225.308055_1619602231.2245488.wav,alarm
117,Y20ARmYU0v4I_10.000_20.000.wav,True,1619602238.212315_1619602244.438756.wav,alarm
118,Y2Lr0D12vRyc_20.000_30.000.wav,True,1619602251.0157526_1619602256.9398522.wav,alarm
119,Y2MXgZDIhMBE_140.000_150.000.wav,True,1619602263.6688125_1619602269.894399.wav,alarm
120,Y2VQtwvIo8qs_470.000_480.000.wav,True,1619602275.364987_1619602281.541985.wav,alarm
121,Y2Y0T7yIvKsk_50.000_60.000.wav,True,1619602287.3159964_1619602293.2910612.wav,alarm
122,Y2rDDBfzFoFE_270.000_280.000.wav,True,1619602300.1699374_1619602306.345267.wav,alarm
123,Y32j2ljoJnrs_30.000_40.000.wav,True,1619602312.7734034_1619602318.848394.wav,alarm
124,Y3YRHXBx7M-o_0.000_10.000.wav,True,1619602337.9778314_1619602343.803579.wav,alarm
125,Y3faRdcvQG4c_0.000_10.000.wav,True,1619602350.380117_1619602356.354083.wav,alarm
126,Y3wFAf6wVAVM_100.000_110.000.wav,True,1619602365.7928247_1619602371.7182205.wav,alarm
127,Y3za58UBL5rE_0.000_10.000.wav,True,1619602381.759545_1619602387.735856.wav,alarm
128,Y4CKQdo1ppjs_0.000_10.000.wav,True,1619602397.77743_1619602403.953003.wav,alarm
129,Y4GpYhHH7V7g_7.000_17.000.wav,True,1619602410.6311638_1619602416.759546.wav,alarm
130,Y4UOZhV_zU0g_0.000_10.000.wav,True,1619602423.137434_1619602429.03145.wav,alarm
131,Y5CQxRy_KRLg_170.000_180.000.wav,True,1619602435.9926665_1619602441.9709632.wav,alarm
132,Y5vgZPDEI0Xo_130.000_140.000.wav,True,1619602461.4043593_1619602467.580142.wav,alarm
133,Y6AIQWsPfoVg_50.000_60.000.wav,True,1619602474.0580828_1619602479.94554.wav,alarm
134,Y6Tc-PG_aE9k_0.000_10.000.wav,True,1619602486.6164284_1619602492.5679348.wav,alarm
135,Y6mZSpGpIy-M_0.000_10.000.wav,True,1619602501.536198_1619602507.5133972.wav,alarm
136,Y7kSLOXodo5Y_20.000_30.000.wav,True,1619602531.071524_1619602537.047818.wav,alarm
137,Y8ElgFfdm3I4_30.000_40.000.wav,True,1619602543.9286869_1619602549.8577588.wav,alarm
138,Y8mOksvfiImI_130.000_140.000.wav,True,1619602585.2136827_1619602591.1160202.wav,alarm
139,Y9MOOm2UWqg4_90.000_100.000.wav,True,1619602601.391666_1619602607.62173.wav,alarm
140,Y9a9wO2zHK_0_20.000_30.000.wav,True,1619602614.1027005_1619602620.0343988.wav,alarm
141,YAeqkD4U_KvU_90.000_100.000.wav,True,1619602626.813382_1619602632.7033741.wav,alarm
142,YBIMZ4xizgBc_0.000_10.000.wav,True,1619602638.1145375_1619602644.0596073.wav,alarm
143,YC08BB39CkeU_0.000_10.000.wav,True,1619602651.3249233_1619602657.252155.wav,alarm
144,YDN0gNwt-XuM_140.000_150.000.wav,True,1619602692.8144972_1619602698.7974472.wav,alarm
145,YDWZjGH0sXXU_30.000_40.000.wav,True,1619602708.9420745_1619602714.9231098.wav,alarm
146,YEZolNzNjcEs_50.000_60.000.wav,True,1619602721.6580355_1619602727.6012647.wav,alarm
147,YEbMfK3MVPYU_0.000_10.000.wav,True,1619602734.6695948_1619602740.6489122.wav,alarm
148,YF56fFsSYrj8_0.000_10.000.wav,True,1619602750.1923137_1619602756.773715.wav,alarm
149,YFLTWUsc03mg_120.000_130.000.wav,True,1619602763.1003034_1619602769.077105.wav,alarm
150,YFP1l5Q2DnHU_270.000_280.000.wav,True,1619602774.8531263_1619602780.747846.wav,alarm
151,YFf-LWu7Eyag_40.000_50.000.wav,True,1619602798.8564217_1619602804.8310683.wav,alarm
152,YFl6VgLJBfZI_10.000_20.000.wav,True,1619602815.224271_1619602821.1475084.wav,alarm
153,YH0Y9Qmjdtrw_60.000_70.000.wav,True,1619602827.9274714_1619602833.80343.wav,alarm
154,YHN8v2mMMc9c_30.000_40.000.wav,True,1619602840.583906_1619602846.561491.wav,alarm
155,YJPtjelwyiyY_280.000_290.000.wav,True,1619602869.2089424_1619602875.587994.wav,alarm
156,YKXzsUM_hd04_30.000_40.000.wav,True,1619602894.7207942_1619602900.6484096.wav,alarm
157,YL-shyM-lAF4_70.000_80.000.wav,True,1619602910.7944593_1619602916.7395709.wav,alarm
158,YL2YkwcKaus4_30.000_40.000.wav,True,1619602923.7053494_1619602929.6338706.wav,alarm
159,Y--sIMPsphRI_10.000_20.000.wav,True,1619596610.679844_1619596616.6061637.wav,dog
160,Y-1UleAsNU_4_30.000_40.000.wav,True,1619596646.1947124_1619596652.1382575.wav,dog
161,Y-24cKdvEPHs_20.000_30.000.wav,True,1619596657.0420525_1619596662.9734764.wav,dog
162,Y-2XABjjB1tU_110.000_120.000.wav,True,1619596667.3434892_1619596673.3460991.wav,dog
163,Y-37X0bRVT0g_140.000_150.000.wav,True,1619596679.7047608_1619596685.5836523.wav,dog
164,Y-3cmXbOJOoc_30.000_40.000.wav,True,1619596700.6478245_1619596706.5763457.wav,dog
165,Y-4H1EUXNl5s_30.000_40.000.wav,True,1619596711.2469668_1619596717.14694.wav,dog
166,Y-4ZFguO-v8M_50.000_60.000.wav,True,1619596734.4492767_1619596740.675204.wav,dog
167,Y-4i49rWLl1o_20.000_30.000.wav,True,1619596745.1442013_1619596751.041051.wav,dog
168,Y-5rnGk2e1ao_0.000_10.000.wav,True,1619596779.189468_1619596785.363715.wav,dog
169,Y-799s1wQehA_110.000_120.000.wav,True,1619596789.9352658_1619596795.8599854.wav,dog
170,Y-7T1vQ2CgdQ_10.000_20.000.wav,True,1619596801.032687_1619596807.0109246.wav,dog
171,Y-7Y8Cmjdvuk_20.000_30.000.wav,True,1619596811.3783937_1619596817.3243113.wav,dog
172,Y-7khzUmnlm8_30.000_40.000.wav,True,1619596822.827021_1619596828.7741077.wav,dog
173,Y-7v9JCLrISM_210.000_220.000.wav,True,1619596833.4734051_1619596839.448443.wav,dog
174,Y-9OUFFMZTuk_50.000_60.000.wav,True,1619596843.8651686_1619596849.758689.wav,dog
175,Y-9P1IlNEgsM_0.000_8.000.wav,True,1619596854.7094777_1619596860.6488216.wav,dog
176,Y-9YohOxYZ0Q_10.000_20.000.wav,True,1619596865.4528108_1619596871.4778962.wav,dog
177,Y-A1G9vEhK58_20.000_30.000.wav,True,1619596875.949411_1619596881.9232068.wav,dog
178,Y-BEt_WLaM_8_30.000_40.000.wav,True,1619596886.3425913_1619596892.416366.wav,dog
179,Y-CEC5RoRUbU_30.000_40.000.wav,True,1619596897.0883856_1619596903.0627806.wav,dog
180,Y-Dqd4YgZL0k_30.000_40.000.wav,True,1619596907.5829332_1619596913.5104299.wav,dog
181,Y-EM6qEqk_H0_10.000_20.000.wav,True,1619596919.6369452_1619596925.6143074.wav,dog
182,Y-GQtDyZq5y4_30.000_40.000.wav,True,1619596931.7905507_1619596937.7143085.wav,dog
183,Y-HBR6wrrhAs_0.000_10.000.wav,True,1619596943.892165_1619596949.8705359.wav,dog
184,Y-HLkaa5GCFg_20.000_30.000.wav,True,1619596955.9941306_1619596961.9696512.wav,dog
185,Y-IHE1hhdtek_30.000_40.000.wav,True,1619596979.8478522_1619596985.7441564.wav,dog
186,Y-Io461is8Ko_120.000_130.000.wav,True,1619596990.3961122_1619596996.820803.wav,dog
187,Y-Its_5qrHs8_30.000_40.000.wav,True,1619597001.7394512_1619597007.917546.wav,dog
188,Y-K0wP_zCTvA_30.000_40.000.wav,True,1619597024.5950625_1619597030.725142.wav,dog
189,Y-KzCxE1X5j0_30.000_40.000.wav,True,1619597034.9955196_1619597040.8440237.wav,dog
190,Y-L46ZLyp9R0_30.000_40.000.wav,True,1619597046.0002267_1619597051.9768972.wav,dog
191,Y-LWu_lirwKk_0.000_10.000.wav,True,1619597056.1464007_1619597062.275073.wav,dog
192,Y-LqG7GIW8UQ_110.000_120.000.wav,True,1619597066.6933103_1619597072.6229637.wav,dog
193,Y-Nsu5Dm73Xw_0.000_10.000.wav,True,1619597088.5406988_1619597094.4183176.wav,dog
194,Y-O-s44NpuEo_30.000_40.000.wav,True,1619597097.4823687_1619597103.4185221.wav,dog
195,Y-OYEgBWbvr4_0.000_10.000.wav,True,1619597118.3423367_1619597124.274851.wav,dog
196,Y-PIv8H-fn5U_50.000_60.000.wav,True,1619597128.6959412_1619597134.678426.wav,dog
197,Y-PWc49x8cyE_30.000_40.000.wav,True,1619597139.4002216_1619597145.384681.wav,dog
198,Y-PxusaPCH98_30.000_40.000.wav,True,1619597150.0079362_1619597155.9406838.wav,dog
199,Y-QSTEXFuNZs_0.000_10.000.wav,True,1619597160.2586222_1619597166.73783.wav,dog
200,Y-QhqFtXZ7NA_30.000_40.000.wav,True,1619597170.957362_1619597176.884477.wav,dog
201,Y-SL5sFIuhtg_30.000_40.000.wav,True,1619597206.0639644_1619597211.9397655.wav,dog
202,Y-T9PDWg_EeU_30.000_40.000.wav,True,1619597216.3592768_1619597222.386956.wav,dog
203,Y-T9mK2krm2w_30.000_40.000.wav,True,1619597228.4638474_1619597234.4941268.wav,dog
204,Y-UubaEEMA4Q_30.000_40.000.wav,True,1619597261.3181868_1619597267.146662.wav,dog
205,Y-UxlFmoVuPo_30.000_40.000.wav,True,1619597271.617727_1619597277.4946933.wav,dog
206,Y-VG70q026Bw_30.000_40.000.wav,True,1619597281.7138605_1619597287.6914592.wav,dog
207,Y-VPoLzHsw1s_30.000_40.000.wav,True,1619597292.2600808_1619597298.218223.wav,dog
208,Y-VV6dIcGmwI_0.000_10.000.wav,True,1619597302.3556716_1619597308.532946.wav,dog
209,Y-VbuWn-f52s_30.000_40.000.wav,True,1619597312.8532898_1619597318.696049.wav,dog
210,Y-Vo3XijOlvc_70.000_80.000.wav,True,1619597323.103162_1619597329.0792048.wav,dog
211,Y-W0tpODVUfQ_30.000_40.000.wav,True,1619597333.3514028_1619597339.3811445.wav,dog
212,Y-WelAtqGj1E_60.000_70.000.wav,True,1619597345.708834_1619597351.5540905.wav,dog
213,Y-XLzWTb3sUg_30.000_40.000.wav,True,1619597356.0579472_1619597361.9980214.wav,dog
214,Y-Y2x_3lyCqY_10.000_20.000.wav,True,1619597367.2058647_1619597373.1042497.wav,dog
215,Y-YEkSU7gXLw_30.000_40.000.wav,True,1619597378.2057831_1619597384.187549.wav,dog
216,Y-ZBKA57bVj8_20.000_30.000.wav,True,1619597403.0734518_1619597408.9994137.wav,dog
217,Y-ZdP1MF8bIw_10.000_20.000.wav,True,1619597413.419863_1619597419.699889.wav,dog
218,Y-_A4yJmxFdM_30.000_40.000.wav,True,1619597424.019115_1619597429.9977083.wav,dog
219,Y-dvfWWc5bQ8_30.000_40.000.wav,True,1619597436.3767443_1619597442.306043.wav,dog
220,Y-eHWGca4Z8U_50.000_60.000.wav,True,1619597446.6748412_1619597452.854623.wav,dog
221,Y-ehQwV9uU8s_30.000_40.000.wav,True,1619597456.8720913_1619597462.8625848.wav,dog
222,Y-dkiBLyj6wA_30.000_40.000.wav,True,1619597468.524926_1619597474.4193492.wav,dog
223,Y-dDpGRPHzM0_30.000_40.000.wav,True,1619597490.2623014_1619597496.1893609.wav,dog
224,Y-eoxW0xL72I_20.000_30.000.wav,True,1619597554.7585254_1619597560.7334492.wav,dog
225,Y-fugxRc4VhY_40.000_50.000.wav,True,1619597565.1533275_1619597571.1256332.wav,dog
226,Y-furRVKz4ac_30.000_40.000.wav,True,1619597576.4939775_1619597582.4207127.wav,dog
227,Y-hdg7DQaxW4_30.000_40.000.wav,True,1619597587.387446_1619597593.3103318.wav,dog
228,Y-hqM85LZw7c_20.000_30.000.wav,True,1619597597.9779112_1619597603.8999949.wav,dog
229,Y-i0mmYppi18_30.000_40.000.wav,True,1619597610.4744885_1619597616.3478484.wav,dog
230,Y-iQlvp-lsY4_30.000_40.000.wav,True,1619597620.9661243_1619597626.8904884.wav,dog
231,Y-jQRCubyDVU_30.000_40.000.wav,True,1619597631.3605607_1619597637.3071494.wav,dog
232,Y-kCWX1wjibc_30.000_40.000.wav,True,1619597642.1004665_1619597648.0216715.wav,dog
233,Y-lHF9tBL2B8_30.000_40.000.wav,True,1619597653.6884885_1619597659.6638954.wav,dog
234,Y-lT-SZfrIIU_140.000_150.000.wav,True,1619597665.6905985_1619597671.6685576.wav,dog
235,Y-lwNEw-ZXlQ_10.000_20.000.wav,True,1619597677.086648_1619597682.9674368.wav,dog
236,Y-mdPX2djAUY_10.000_20.000.wav,True,1619597699.5563889_1619597705.4831607.wav,dog
237,Y-mehDRbzJME_20.000_30.000.wav,True,1619597710.0233707_1619597715.9390054.wav,dog
238,Y-mn4rI21T-4_30.000_40.000.wav,True,1619597719.9515362_1619597725.8936932.wav,dog
239,Y-umSSowXOX0_30.000_40.000.wav,True,1619597752.2286134_1619597758.2079728.wav,dog
240,Y-twU2FvK4xw_50.000_60.000.wav,True,1619597784.2905796_1619597790.2211604.wav,dog
241,Y-tPtpv32DZw_10.000_20.000.wav,True,1619597796.2512937_1619597802.182876.wav,dog
242,Y-sgDyi4BY-0_30.000_40.000.wav,True,1619597818.31512_1619597824.2966275.wav,dog
243,Y-rT-3LOGIjw_10.000_20.000.wav,True,1619597849.6707132_1619597855.573389.wav,dog
244,Y-r97oVkDfKQ_30.000_40.000.wav,True,1619597860.2250483_1619597866.256542.wav,dog
245,Y-r7foRuzOuc_70.000_80.000.wav,True,1619597872.7882752_1619597878.7690744.wav,dog
246,Y-qfHOFxUwGQ_0.000_10.000.wav,True,1619597884.7022398_1619597890.6872807.wav,dog
247,Y-pdmLg5FbQY_30.000_40.000.wav,True,1619597894.8091257_1619597900.994849.wav,dog
248,Y-pd7_XFFy0A_100.000_110.000.wav,True,1619597905.1178794_1619597911.10492.wav,dog
249,Y-nveMLXxLn4_10.000_20.000.wav,True,1619597927.9505296_1619597933.7970982.wav,dog
250,Y-nvJc7KvBJ8_30.000_40.000.wav,True,1619597938.2545125_1619597944.2341173.wav,dog
251,Y-niT5wKbFOo_10.000_20.000.wav,True,1619597948.804398_1619597954.6862838.wav,dog
252,Y-naZXDdh9Ps_30.000_40.000.wav,True,1619597959.1544735_1619597965.0339904.wav,dog
253,Y-n6rtB7rMuo_30.000_40.000.wav,True,1619597969.5460217_1619597975.4150712.wav,dog
254,Y-mtTSO6FhSA_10.000_20.000.wav,True,1619597979.681929_1619597985.6574814.wav,dog
255,Y-wb18_6tLAE_50.000_60.000.wav,True,1619598000.329755_1619598006.757889.wav,dog
256,Y-yFeywhaivM_30.000_40.000.wav,True,1619598011.328061_1619598017.1192563.wav,dog
257,Y-yktClBEgbk_30.000_40.000.wav,True,1619598031.9305573_1619598037.8545642.wav,dog
258,Y-yspk7ebYkQ_20.000_30.000.wav,True,1619598042.3270414_1619598048.2188578.wav,dog
259,Y-za3Io5SExs_30.000_40.000.wav,True,1619598052.924926_1619598058.8027923.wav,dog
260,Y0-uzle1hzoI_0.000_10.000.wav,True,1619598063.2196357_1619598069.1866746.wav,dog
261,Y-xy_iwaQckM_50.000_60.000.wav,True,1619598075.2088468_1619598081.735801.wav,dog
262,Y-zSFmp8e43E_30.000_40.000.wav,True,1619598086.7060218_1619598092.59724.wav,dog
263,Y0Am_PbPUkuk_30.000_40.000.wav,True,1619598097.080506_1619598103.078625.wav,dog
264,Y0BSidlvh4Ds_30.000_40.000.wav,True,1619598119.7801225_1619598125.716327.wav,dog
265,Y0BTCY5xhrIY_30.000_40.000.wav,True,1619598130.0877278_1619598136.0732749.wav,dog
266,Y0BnyrbZz8Jk_30.000_40.000.wav,True,1619598142.051398_1619598147.887649.wav,dog
267,Y0BwiOU6alvQ_0.000_10.000.wav,True,1619598152.205257_1619598158.1351354.wav,dog
268,Y0C3J02LHgVk_30.000_40.000.wav,True,1619598164.5653608_1619598170.798062.wav,dog
269,Y0CRPp8k4wEo_30.000_40.000.wav,True,1619598175.2702067_1619598181.250764.wav,dog
270,Y0CUHnK_Lh4s_30.000_40.000.wav,True,1619598187.1337917_1619598193.1122727.wav,dog
271,Y0CYxiRkfVhw_30.000_40.000.wav,True,1619598196.3264565_1619598202.304395.wav,dog
272,Y0CgZR0f_yFs_30.000_40.000.wav,True,1619598206.823317_1619598212.8057914.wav,dog
273,Y0CkERnAY8Ro_30.000_40.000.wav,True,1619598219.5886645_1619598225.4679887.wav,dog
274,Y0EOJ3ZqLJDU_10.000_20.000.wav,True,1619598229.9404042_1619598235.918479.wav,dog
275,Y0EjIJRg8ub4_30.000_40.000.wav,True,1619598241.594768_1619598247.5748885.wav,dog
276,Y0FtYHAivI2E_30.000_40.000.wav,True,1619598252.1972651_1619598258.1314592.wav,dog
277,Y0Gggc7Vz7TI_10.000_20.000.wav,True,1619598262.9012868_1619598268.7809682.wav,dog
278,Y0Gxxzj2vopc_30.000_40.000.wav,True,1619598273.3033345_1619598279.2835917.wav,dog
279,Y0IGUZWhc9Go_10.000_20.000.wav,True,1619598283.8045373_1619598289.7480948.wav,dog
280,Y0J0sN1xeDZM_30.000_40.000.wav,True,1619598294.4033937_1619598300.303443.wav,dog
281,Y0M20-hvyBvQ_110.000_120.000.wav,True,1619598306.1651947_1619598312.110118.wav,dog
282,Y0M7CEfzzGm8_220.000_230.000.wav,True,1619598316.5673144_1619598322.646585.wav,dog
283,Y0N3bFducxuc_30.000_40.000.wav,True,1619598327.0178003_1619598332.9489112.wav,dog
284,Y0NIW_5zr2zg_30.000_40.000.wav,True,1619598337.0183876_1619598343.0006914.wav,dog
285,Y0OLsNjg9Q_c_40.000_50.000.wav,True,1619598347.969264_1619598353.8508446.wav,dog
286,Y0Q_BPEl7_Vo_30.000_40.000.wav,True,1619598369.1758199_1619598375.1616.wav,dog
287,Y0QkmP-TtIFo_300.000_310.000.wav,True,1619598382.2465055_1619598388.431601.wav,dog
288,Y0RFwwmALrBs_30.000_40.000.wav,True,1619598392.605119_1619598398.5453036.wav,dog
289,Y0RNKWKFds8Y_30.000_40.000.wav,True,1619598402.9223318_1619598408.8578556.wav,dog
290,Y0RxvhDsjL0M_30.000_40.000.wav,True,1619598415.0437307_1619598420.9793966.wav,dog
291,Y0UEClS6XhZ0_30.000_40.000.wav,True,1619598425.3973205_1619598431.3338451.wav,dog
292,Y0XDz4i5L4nE_30.000_40.000.wav,True,1619598446.4451013_1619598452.310775.wav,dog
293,Y0XR0EQBxzZk_30.000_40.000.wav,True,1619598468.2555819_1619598474.1327486.wav,dog
294,Y0XUauSOwvzk_30.000_40.000.wav,True,1619598480.9660158_1619598486.849213.wav,dog
295,Y0X_XBckLKj8_30.000_40.000.wav,True,1619598492.526624_1619598498.5568652.wav,dog
296,Y0XouGEsWiQk_200.000_210.000.wav,True,1619598504.8374228_1619598510.7685897.wav,dog
297,Y0a8RB5eOGJ4_30.000_40.000.wav,True,1619598548.424892_1619598554.3581762.wav,dog
298,Y0bveNubRkUI_0.000_10.000.wav,True,1619598571.798424_1619598577.7314572.wav,dog
299,Y0cGgIDhIfdA_30.000_40.000.wav,True,1619598582.6056886_1619598588.4863114.wav,dog
300,Y0cnLnzrBcmY_10.000_20.000.wav,True,1619598593.6615229_1619598599.83899.wav,dog
301,Y0d8dFoWQ2KA_30.000_40.000.wav,True,1619598603.9579291_1619598609.9830043.wav,dog
302,Y0dI4cUQlAkQ_30.000_40.000.wav,True,1619598613.6489675_1619598619.579726.wav,dog
303,Y0eNfQDAbn_Y_20.000_30.000.wav,True,1619598623.950503_1619598629.8825505.wav,dog
304,Y0eaVWAwYCyU_40.000_50.000.wav,True,1619598634.3533578_1619598640.33292.wav,dog
305,Y0gvqDWLoBfQ_10.000_20.000.wav,True,1619598667.8666224_1619598673.7933826.wav,dog
306,Y0io4FnKo8Eg_20.000_30.000.wav,True,1619598678.2159402_1619598684.096322.wav,dog
307,Y0izj5OZGtg8_30.000_40.000.wav,True,1619598688.6176326_1619598694.5633943.wav,dog
308,Y0kTHgSzQkfw_10.000_20.000.wav,True,1619598711.8868804_1619598717.8713756.wav,dog
309,Y0l2qcA0XKUs_30.000_40.000.wav,True,1619598722.2881777_1619598728.2306914.wav,dog
310,Y0lUFEAnnET8_30.000_40.000.wav,True,1619598732.7438526_1619598738.924855.wav,dog
311,Y0lV5Fln3nYA_390.000_400.000.wav,True,1619598743.3456757_1619598749.2895844.wav,dog
312,Y0m5K90TnZhI_30.000_40.000.wav,True,1619598753.847962_1619598759.931573.wav,dog
313,Y0m9QkjCVwcU_30.000_40.000.wav,True,1619598764.3006098_1619598770.1778958.wav,dog
314,Y1GAKaKWyPzA_40.000_50.000.wav,True,1619598787.3561583_1619598793.3404253.wav,dog
315,Y3MYe_RF-Rq8_50.000_60.000.wav,True,1619598798.2162788_1619598804.1570916.wav,dog
316,Y5_OJsj6bcuo_260.000_270.000.wav,True,1619598958.720055_1619598964.6465597.wav,dishes
317,Y8EQHKEd5mm4_120.000_130.000.wav,True,1619598969.0648723_1619598975.0398424.wav,dishes
318,YA_0MlszhCDE_180.000_190.000.wav,True,1619598983.375314_1619598989.3208728.wav,dishes
319,YKs82WXeSK_I_200.000_210.000.wav,True,1619598993.971245_1619598999.9477274.wav,dishes
320,YTrdsiHl7xWA_30.000_40.000.wav,True,1619599006.474663_1619599012.3993666.wav,dishes
321,YZPDVc3hNaQs_80.000_90.000.wav,True,1619599017.520878_1619599023.4433048.wav,dishes
322,Y-TDsXxTaw2Q_520.000_530.000.wav,True,1619599029.5188577_1619599035.393413.wav,dishes
323,Y-WEfNbZO_LE_130.000_140.000.wav,True,1619599041.7705157_1619599047.6968668.wav,dishes
324,Y-YLpD1UW8qU_0.000_10.000.wav,True,1619599054.2746844_1619599060.2380812.wav,dishes
325,Y-hWRLlRjetY_10.000_20.000.wav,True,1619599068.5896184_1619599074.5692217.wav,dishes
326,Y-xyHS0dJ3R8_190.000_200.000.wav,True,1619599080.9480765_1619599086.8760395.wav,dishes
327,Y074nzzlXf_g_70.000_80.000.wav,True,1619599091.1939926_1619599097.062931.wav,dishes
328,Y0r2OVHasER0_140.000_150.000.wav,True,1619599101.3271153_1619599107.296396.wav,dishes
329,Y1h5vQr1yu2E_100.000_110.000.wav,True,1619599128.8854182_1619599134.8586679.wav,dishes
330,Y1hL4MSPzMZ0_270.000_280.000.wav,True,1619599141.587692_1619599147.5621126.wav,dishes
331,Y1lqdBjdJgWg_50.000_60.000.wav,True,1619599154.089146_1619599159.9681468.wav,dishes
332,Y2MwW5vQm4wI_210.000_220.000.wav,True,1619599164.6316376_1619599170.6064968.wav,dishes
333,Y2RQQORu0diE_60.000_70.000.wav,True,1619599176.832792_1619599182.7049184.wav,dishes
334,Y2b7NoEYo56g_80.000_90.000.wav,True,1619599187.372945_1619599193.509929.wav,dishes
335,Y2dZ7ZV3vK28_30.000_40.000.wav,True,1619599199.645039_1619599205.6327393.wav,dishes
336,Y2p230m8MT0I_60.000_70.000.wav,True,1619599221.619349_1619599227.525518.wav,dishes
337,Y2qXtaTZdvrY_20.000_30.000.wav,True,1619599232.228524_1619599238.159591.wav,dishes
338,Y32V6Gv7S6mA_50.000_60.000.wav,True,1619599252.9255855_1619599258.8929367.wav,dishes
339,Y4RPbOWqEeVk_310.000_320.000.wav,True,1619599289.0547686_1619599295.0285947.wav,dishes
340,Y4SDfWBgrXVM_10.000_20.000.wav,True,1619599301.1041145_1619599307.0324628.wav,dishes
341,Y4fti1n2kmss_10.000_20.000.wav,True,1619599321.856158_1619599327.9218993.wav,dishes
342,Y69VgW9hZ1jc_190.000_200.000.wav,True,1619599357.4222898_1619599363.2991536.wav,dishes
343,Y6hpAs8vJOow_70.000_80.000.wav,True,1619599378.5174024_1619599384.4945822.wav,dishes
344,Y75Ro0rRqJdg_50.000_60.000.wav,True,1619599390.8691058_1619599396.845159.wav,dishes
345,Y7C4HntU8OzA_0.000_10.000.wav,True,1619599403.4240704_1619599409.39941.wav,dishes
346,Y7WlRADYl44I_30.000_40.000.wav,True,1619599415.927319_1619599421.9025855.wav,dishes
347,Y8GFntf9pr2M_120.000_130.000.wav,True,1619599428.17953_1619599434.1048012.wav,dishes
348,Y9A1Sm-1KEqo_190.000_200.000.wav,True,1619599440.1809525_1619599446.108009.wav,dishes
349,Y9SRUFh4J-9Y_80.000_90.000.wav,True,1619599450.8788488_1619599456.8547022.wav,dishes
350,Y9lBCoB8g7fU_20.000_30.000.wav,True,1619599463.230563_1619599469.158956.wav,dishes
351,Y9wQaQJq0Aok_100.000_110.000.wav,True,1619599485.7322254_1619599491.7061703.wav,dishes
352,YBNUpvKtFrlM_380.000_390.000.wav,True,1619599497.7328992_1619599503.7080505.wav,dishes
353,Y17xCyq_4wvs_440.000_450.000.wav,True,1619599509.3820465_1619599515.3066292.wav,dishes
354,YTSnq6n8tElo_0.000_10.000.wav,True,1619599519.5237906_1619599525.4488184.wav,dishes
355,Yg42ecK_5Ql4_30.000_40.000.wav,True,1619599532.1273534_1619599538.0523105.wav,dishes
356,YdnFtHhbyprM_60.000_70.000.wav,True,1619599542.2710986_1619599548.2495303.wav,dishes
357,YiUMViXPOP78_130.000_140.000.wav,True,1619599554.9809206_1619599560.8554952.wav,dishes
358,Y1Nw-fC0gk9o_120.000_130.000.wav,True,1619599565.2231512_1619599571.1510026.wav,dishes
359,Y1SpHjTw56jg_260.000_270.000.wav,True,1619599576.0216017_1619599581.8440304.wav,dishes
360,Y23pAYyzCnU8_520.000_530.000.wav,True,1619599587.1071446_1619599593.0796914.wav,dishes
361,Y257OKP3ZLD0_30.000_40.000.wav,True,1619599599.2045724_1619599605.0922482.wav,dishes
362,Y2O_mVjMFsuQ_340.000_350.000.wav,True,1619599609.948375_1619599615.8746805.wav,dishes
363,Y57q1DKPOLYg_40.000_50.000.wav,True,1619599622.1497605_1619599628.178001.wav,dishes
364,Y5ohCslwvxdw_40.000_50.000.wav,True,1619599634.3028038_1619599640.1983063.wav,dishes
365,Y5rmbkTrYSK0_90.000_100.000.wav,True,1619599645.348281_1619599651.3259125.wav,dishes
366,Y6QExD0uUMOs_20.000_30.000.wav,True,1619599657.2499697_1619599663.2751546.wav,dishes
367,Y6Y92C4qnFPk_130.000_140.000.wav,True,1619599672.615103_1619599678.5916276.wav,dishes
368,Y6ZEtbX95qYo_190.000_200.000.wav,True,1619599685.8214142_1619599691.7666316.wav,dishes
369,Y6zcz_gJkbmQ_120.000_130.000.wav,True,1619599696.3167753_1619599702.1933014.wav,dishes
370,Y8XVCewPZYz4_420.000_430.000.wav,True,1619599706.4607217_1619599712.40424.wav,dishes
371,Y8o-Y4QP8LWs_280.000_290.000.wav,True,1619599716.9573207_1619599722.933786.wav,dishes
372,Y8vuTgV73O2o_390.000_400.000.wav,True,1619599729.3114934_1619599735.3092391.wav,dishes
373,YBc2wI4c2wBI_180.000_190.000.wav,True,1619599750.75119_1619599756.695209.wav,dishes
374,YC7D1GjuDQVA_120.000_130.000.wav,True,1619599761.5477169_1619599767.4220383.wav,dishes
375,YCJqlLZZano4_290.000_300.000.wav,True,1619599771.7397144_1619599777.917838.wav,dishes
376,YCfij00R-8Zs_280.000_290.000.wav,True,1619599783.9939308_1619599789.8200133.wav,dishes
377,YDBYzZp1jOro_200.000_210.000.wav,True,1619599794.3877923_1619599800.366337.wav,dishes
378,YE1CXRMewTCk_200.000_210.000.wav,True,1619599816.535743_1619599822.4613013.wav,dishes
379,YEOEVEf6q_Ms_150.000_160.000.wav,True,1619599828.93867_1619599834.8646967.wav,dishes
380,YF9f9caaxmm0_370.000_380.000.wav,True,1619599839.43384_1619599845.4585283.wav,dishes
381,YG25fk1hnP30_260.000_270.000.wav,True,1619599850.9829793_1619599856.959199.wav,dishes
382,YGBPwN9NOMVo_280.000_290.000.wav,True,1619599863.285044_1619599869.232251.wav,dishes
383,YGIS6MmZwP5g_30.000_40.000.wav,True,1619599873.7837892_1619599879.7097244.wav,dishes
384,YGRpuXhXjAmk_290.000_300.000.wav,True,1619599884.2788937_1619599890.15488.wav,dishes
385,YGUk84jnXRBQ_200.000_210.000.wav,True,1619599894.5231018_1619599900.497004.wav,dishes
386,YGr1Ktuy5zq8_150.000_160.000.wav,True,1619599907.0755901_1619599912.9523747.wav,dishes
387,YHzcT5VgB9uw_60.000_70.000.wav,True,1619599927.763225_1619599933.5602.wav,dishes
388,YIMrI0TfCnVw_420.000_430.000.wav,True,1619599939.1602092_1619599945.1088264.wav,dishes
389,YIN8pk34_S_k_0.000_10.000.wav,True,1619599950.7116568_1619599956.6301348.wav,dishes
390,YIdGB-Q2p-eM_30.000_40.000.wav,True,1619599961.800646_1619599967.6763682.wav,dishes
391,YJ6Dkx5KSfPs_520.000_530.000.wav,True,1619599972.09417_1619599977.9695296.wav,dishes
392,YJ9TypJdxLcI_90.000_100.000.wav,True,1619599983.641568_1619599989.56832.wav,dishes
393,YJQphdZQRTs4_40.000_50.000.wav,True,1619599993.8851762_1619599999.8222363.wav,dishes
394,YJT4g4usFWiI_50.000_60.000.wav,True,1619600005.9861915_1619600011.914345.wav,dishes
395,YJZ9Tpv6h1pA_50.000_60.000.wav,True,1619600017.8892326_1619600023.8781078.wav,dishes
396,YJiur7qz3NU8_50.000_60.000.wav,True,1619600031.7520244_1619600037.6267097.wav,dishes
397,YJyzNt1JKAiw_530.000_540.000.wav,True,1619600042.4972756_1619600048.455842.wav,dishes
398,YJz9r4H9kaTI_170.000_180.000.wav,True,1619600052.942278_1619600058.9205492.wav,dishes
399,Yhtox2pJ-XVs_190.000_200.000.wav,True,1619594958.7047853_1619594964.721088.wav,blender
400,Y-3k1Xl7eriw_140.000_150.000.wav,True,1619594972.9523168_1619594978.8666627.wav,blender
401,Y-5SglSseBko_180.000_190.000.wav,True,1619594983.3363788_1619594989.3070755.wav,blender
402,Y-6XpcYja_QQ_210.000_220.000.wav,True,1619594995.5789933_1619595001.546154.wav,blender
403,Y-BvlRNfCz1w_50.000_60.000.wav,True,1619595006.4212694_1619595012.3905923.wav,blender
404,Y-EvFB12zCk8_30.000_40.000.wav,True,1619595018.5138755_1619595024.4922035.wav,blender
405,Y-H8nh3Z1__M_170.000_180.000.wav,True,1619595029.0615382_1619595034.991018.wav,blender
406,Y-HyhSn6rU8A_100.000_110.000.wav,True,1619595040.2632215_1619595046.2422564.wav,blender
407,Y-T5KPWf0llU_110.000_120.000.wav,True,1619595052.2178216_1619595058.1966205.wav,blender
408,Y-_UM0h1qcBM_40.000_50.000.wav,True,1619595064.1749556_1619595070.1101854.wav,blender
409,Y-aHF0scCGc4_470.000_480.000.wav,True,1619595074.4290352_1619595080.3074176.wav,blender
410,Y-fy0rQoumZ0_230.000_240.000.wav,True,1619595084.877302_1619595090.8033257.wav,blender
411,Y-klrkvfrYXU_70.000_80.000.wav,True,1619595108.7872944_1619595114.7619903.wav,blender
412,Y-rQOBpBoyXw_220.000_230.000.wav,True,1619595121.1893804_1619595127.366401.wav,blender
413,Y-toGk_oBULM_330.000_340.000.wav,True,1619595132.0865846_1619595137.9145784.wav,blender
414,Y-uIrOdeAZbQ_10.000_20.000.wav,True,1619595142.5329487_1619595148.760522.wav,blender
415,Y0R06GmUsGww_40.000_50.000.wav,True,1619595153.0285082_1619595158.9564312.wav,blender
416,Y0Tt-SGltms0_480.000_490.000.wav,True,1619595163.3241053_1619595169.451225.wav,blender
417,Y0_zh25VgrPY_50.000_60.000.wav,True,1619595183.4118598_1619595189.3883305.wav,blender
418,Y0hy1fvEH4Zs_30.000_40.000.wav,True,1619595193.255059_1619595199.181029.wav,blender
419,Y0kLEZglWPAI_230.000_240.000.wav,True,1619595203.8531327_1619595209.7785983.wav,blender
420,Y0yFZ4mGgqgk_90.000_100.000.wav,True,1619595226.4993434_1619595232.4771504.wav,blender
421,Y10orprocVRw_360.000_370.000.wav,True,1619595236.9452045_1619595242.9226952.wav,blender
422,Y16YYTRJavNE_110.000_120.000.wav,True,1619595247.2904146_1619595253.2683659.wav,blender
423,Y1GUZ1qlXK8M_70.000_80.000.wav,True,1619595257.786335_1619595263.8136296.wav,blender
424,Y1MMFztEi-Hk_240.000_250.000.wav,True,1619595270.039297_1619595275.9650931.wav,blender
425,Y1f4p0vedfI8_220.000_230.000.wav,True,1619595280.6843932_1619595286.47809.wav,blender
426,Y1j3EdSOu7ME_30.000_40.000.wav,True,1619595291.1817172_1619595297.0570955.wav,blender
427,Y1np6pFWeYNE_200.000_210.000.wav,True,1619595301.6764388_1619595307.6012332.wav,blender
428,Y2HKrcHOigTU_130.000_140.000.wav,True,1619595336.3759573_1619595342.302547.wav,blender
429,Y2P_Yh66CIhY_20.000_30.000.wav,True,1619595348.6330278_1619595354.5638154.wav,blender
430,Y2U6WeaRLEds_140.000_150.000.wav,True,1619595359.1357846_1619595365.1172383.wav,blender
431,Y2X6NE7dA1vw_200.000_210.000.wav,True,1619595369.6885362_1619595375.6691127.wav,blender
432,Y2aPtGGf0AEg_290.000_300.000.wav,True,1619595381.6969573_1619595387.673213.wav,blender
433,Y2njW17xoQHY_40.000_50.000.wav,True,1619595393.5974257_1619595399.5372796.wav,blender
434,Y2sX5a11I5UQ_480.000_490.000.wav,True,1619595404.143022_1619595410.0192525.wav,blender
435,Y2tX_nAyRSp0_130.000_140.000.wav,True,1619595416.64891_1619595422.5248008.wav,blender
436,Y3EJ5Yf5hkx0_150.000_160.000.wav,True,1619595427.3982701_1619595433.3435974.wav,blender
437,Y3KRWwv1B1bc_130.000_140.000.wav,True,1619595438.4364939_1619595444.757831.wav,blender
438,Y3Y-bKlz6yDY_340.000_350.000.wav,True,1619595449.476443_1619595455.4035165.wav,blender
439,Y3aau8XlZ6rk_110.000_120.000.wav,True,1619595459.6704555_1619595465.61993.wav,blender
440,Y3rn-t1PF84A_80.000_90.000.wav,True,1619595470.956377_1619595476.921854.wav,blender
441,Y3sNrNlVxMu8_110.000_120.000.wav,True,1619595480.3796432_1619595486.496685.wav,blender
442,Y4Q37R8tiQUo_370.000_380.000.wav,True,1619595490.8105812_1619595496.7901328.wav,blender
443,Y4Xvbqxv8DTg_330.000_340.000.wav,True,1619595502.3540828_1619595508.2191217.wav,blender
444,Y4_yLxXvtm9s_90.000_100.000.wav,True,1619595513.6830301_1619595519.6478827.wav,blender
445,Y4aeWOVHDPoU_580.000_590.000.wav,True,1619595525.0136216_1619595530.8161297.wav,blender
446,Y4h1GQECU4GM_330.000_340.000.wav,True,1619595536.7060587_1619595542.5717616.wav,blender
447,Y4nm2U07swz0_40.000_50.000.wav,True,1619595549.339887_1619595555.5047.wav,blender
448,Y4qcrawQOVTM_260.000_270.000.wav,True,1619595559.8659358_1619595565.8316185.wav,blender
449,Y4sHNykqZDNE_10.000_20.000.wav,True,1619595569.8917387_1619595575.8576314.wav,blender
450,Y4xIq6W9b4jY_60.000_70.000.wav,True,1619595591.1465702_1619595597.0612261.wav,blender
451,Y52dupxkQbFo_260.000_270.000.wav,True,1619595602.8779619_1619595608.7936373.wav,blender
452,Y57L82bDE3qw_360.000_370.000.wav,True,1619595636.4180305_1619595642.3346696.wav,blender
453,Y585sVgKWYHg_130.000_140.000.wav,True,1619595646.8476794_1619595652.7632248.wav,blender
454,Y5EZwT9M5pSA_60.000_70.000.wav,True,1619595657.1765134_1619595663.0912707.wav,blender
455,Y5IDCyA2GDgs_30.000_40.000.wav,True,1619595667.7041986_1619595673.868632.wav,blender
456,Y5S85tBSOyWE_170.000_180.000.wav,True,1619595677.982399_1619595683.9563243.wav,blender
457,Y5VRQeBUWq6Y_50.000_60.000.wav,True,1619595688.428518_1619595694.3210685.wav,blender
458,Y5dI6uTc-ELo_240.000_250.000.wav,True,1619595698.6792414_1619595704.959251.wav,blender
459,Y5fg4OOQEHgA_40.000_50.000.wav,True,1619595709.0266235_1619595714.9561448.wav,blender
460,Y5ioGzyY8bU0_130.000_140.000.wav,True,1619595718.7218556_1619595724.6478932.wav,blender
461,Y5rq2cNIJjDY_100.000_110.000.wav,True,1619595740.5234075_1619595746.3015351.wav,blender
462,Y5ySPLstciNg_130.000_140.000.wav,True,1619595750.5705333_1619595756.5483508.wav,blender
463,Y65IrP6p0D0w_40.000_50.000.wav,True,1619595762.5258899_1619595768.4547765.wav,blender
464,Y69HgDj5ObUE_380.000_390.000.wav,True,1619595772.872812_1619595778.899467.wav,blender
465,Y6EeyngaELKA_0.000_10.000.wav,True,1619595782.918839_1619595788.8969567.wav,blender
466,Y6Jec5pP8JKQ_70.000_80.000.wav,True,1619595793.7704196_1619595799.7483714.wav,blender
467,Y6P6a4R2uZFI_10.000_20.000.wav,True,1619595805.222324_1619595811.070775.wav,blender
468,Y6RdolW1mrGY_60.000_70.000.wav,True,1619595815.8173802_1619595821.719088.wav,blender
469,Y6_ADEY85YME_110.000_120.000.wav,True,1619595827.2238405_1619595833.2508483.wav,blender
470,Y6fxpVuxEHW4_380.000_390.000.wav,True,1619595839.0743754_1619595844.9008484.wav,blender
471,Y6giZCLr_kHQ_110.000_120.000.wav,True,1619595850.623395_1619595856.645904.wav,blender
472,Y6i7qgb6DDEw_350.000_360.000.wav,True,1619595862.064407_1619595867.990597.wav,blender
473,Y79se-Y2lBQ8_50.000_60.000.wav,True,1619595873.6638544_1619595879.6328292.wav,blender
474,Y7LPUszo1Iik_50.000_60.000.wav,True,1619595887.864778_1619595893.7893271.wav,blender
475,Y7wi2e54glEM_180.000_190.000.wav,True,1619595898.0565114_1619595903.965787.wav,blender
476,Y7zXcQDhtZDs_210.000_220.000.wav,True,1619595910.2992835_1619595916.371931.wav,blender
477,Y83Txe5EAijU_260.000_270.000.wav,True,1619595920.087009_1619595926.011016.wav,blender
478,Y8FdSTXcdd_I_90.000_100.000.wav,True,1619595930.675149_1619595936.5933218.wav,blender
479,Y8KuJppQ-eYo_60.000_70.000.wav,True,1619595941.4611917_1619595947.334824.wav,blender
480,Y8ajbjZHEE84_30.000_40.000.wav,True,1619595961.8905005_1619595967.8342094.wav,blender
481,Y8sVHU5ZS5zA_30.000_40.000.wav,True,1619595973.6304903_1619595979.603113.wav,blender
482,Y8vH-7eaPSuQ_110.000_120.000.wav,True,1619595984.2185726_1619595990.190277.wav,blender
483,Y8xGTYSfiOho_70.000_80.000.wav,True,1619595995.1601827_1619596001.132276.wav,blender
484,Y90WHXVizpa4_560.000_570.000.wav,True,1619596007.255511_1619596013.1801562.wav,blender
485,Y99OwHVyV-TU_110.000_120.000.wav,True,1619596017.7457104_1619596023.638855.wav,blender
486,Y99cwh996lpU_540.000_550.000.wav,True,1619596028.4340005_1619596034.354819.wav,blender
487,Y9Bac9Hg6ix8_200.000_210.000.wav,True,1619596040.227458_1619596046.1531482.wav,blender
488,Y9F8Ea-D4s2s_350.000_360.000.wav,True,1619596050.8739502_1619596056.8491158.wav,blender
489,Y9QYrSEuK2y8_80.000_90.000.wav,True,1619596062.5258288_1619596068.506465.wav,blender
490,Y9fp-9qML6j0_0.000_10.000.wav,True,1619596073.4227972_1619596079.3483996.wav,blender
491,Y9wjb1AfkAns_230.000_240.000.wav,True,1619596083.866598_1619596089.8894844.wav,blender
492,YAhopgeu0JLY_60.000_70.000.wav,True,1619596095.8179224_1619596101.996473.wav,blender
493,YAuM1rU__KQA_360.000_370.000.wav,True,1619596106.3169312_1619596112.2784188.wav,blender
494,YB40LYUDQXsI_220.000_230.000.wav,True,1619596116.9190707_1619596122.8977559.wav,blender
495,YB4d09kEOrS0_40.000_50.000.wav,True,1619596127.417845_1619596133.3639095.wav,blender
496,YB6ggNg0zh7g_50.000_60.000.wav,True,1619596138.5216756_1619596144.5009103.wav,blender
497,YBi6KCe9AM30_150.000_160.000.wav,True,1619596149.0212812_1619596154.897992.wav,blender
498,YBkUdwj5JR0Q_20.000_30.000.wav,True,1619596159.2694392_1619596165.35159.wav,blender
499,YBuYLhXrknLc_60.000_70.000.wav,True,1619596192.827335_1619596198.706044.wav,blender
500,YBwJgOCnwsA8_80.000_90.000.wav,True,1619596203.2255259_1619596209.170287.wav,blender
501,YC2ZwwKIThvU_10.000_20.000.wav,True,1619596213.7724583_1619596219.7995703.wav,blender
502,YC6G6Clcqhvs_170.000_180.000.wav,True,1619596228.790629_1619596234.7660036.wav,blender
503,YC8NPjvCLGak_20.000_30.000.wav,True,1619596239.485991_1619596245.429937.wav,blender
504,YC8obKwBa33A_40.000_50.000.wav,True,1619596250.4830508_1619596256.303958.wav,blender
505,YC9cqgHZeGxo_170.000_180.000.wav,True,1619596262.3813164_1619596268.810444.wav,blender
506,YCFyKc5-3BF0_420.000_430.000.wav,True,1619596273.0797205_1619596279.0561662.wav,blender
507,YCH4_LVdfV8Q_30.000_40.000.wav,True,1619596296.7387538_1619596302.7185938.wav,blender
508,YCKZ6cyVKQEw_120.000_130.000.wav,True,1619596308.595468_1619596314.474912.wav,blender
509,YCNRLrz9xUwY_30.000_40.000.wav,True,1619596321.5558746_1619596327.500567.wav,blender
510,YCYLZnd9SB7Y_40.000_50.000.wav,True,1619596332.30402_1619596338.2787085.wav,blender
511,YCePd0H0KpUU_30.000_40.000.wav,True,1619596343.5005808_1619596349.3906417.wav,blender
512,YDJ1T9Es0htI_310.000_320.000.wav,True,1619596353.8532908_1619596359.8369846.wav,blender
513,YDLFIy38xCB8_150.000_160.000.wav,True,1619596365.9637852_1619596371.8916614.wav,blender
514,YDgElEEFPRaE_570.000_580.000.wav,True,1619596376.256962_1619596382.154273.wav,blender
515,YDoW-vPhJbK4_60.000_70.000.wav,True,1619596386.9531007_1619596392.8963761.wav,blender
516,YDptBcsuywGc_90.000_100.000.wav,True,1619596397.6014953_1619596403.5492291.wav,blender
517,YDvgyFP7jxh4_70.000_80.000.wav,True,1619596408.301203_1619596414.2788947.wav,blender
